{
   "function": "minecraft:set_lore",
   "entity": "this",
   "replace": true,
   "lore": [
      {
         "translate": "%1$s%418634357$s",
         "with": [
            "",
            {
               "font": "tryashtar.shulker_preview:preview",
               "storage": "tryashtar.shulker_preview:data",
               "nbt": "results[]",
               "interpret": true,
               "separator": "",
               "color": "white",
               "italic": false
            }
         ]
      }
   ]
}