{
   "pools": [
      {
         "rolls": 1,
         "entries": [
            {
               "type": "minecraft:item",
               "name": "minecraft:tnt",
               "functions": [
                  {
                     "function": "minecraft:set_lore",
                     "entity": "this",
                     "replace": true,
                     "lore": [
                        {
                           "translate": "%1$s%418634357$s",
                           "with": [
                              "",
                              {
                                 "text": "Bukkit prevented this shulker tooltip",
                                 "italic": false,
                                 "color": "#f06e6e"
                              }
                           ]
                        },
                        {
                           "translate": "%1$s%418634357$s",
                           "with": [
                              "",
                              {
                                 "text": "from displaying correctly. Sorry!",
                                 "italic": false,
                                 "color": "#f06e6e"
                              }
                           ]
                        }
                     ]
                  }
               ]
            }
         ]
      }
   ]
}