{
   "pools": [
      {
         "rolls": 1,
         "entries": [
            {
               "type": "minecraft:item",
               "name": "minecraft:tnt",
               "functions": [
                  {
                     "function": "minecraft:set_lore",
                     "entity": "this",
                     "replace": true,
                     "lore": [
                        {
                           "translate": "%1$s%418634357$s",
                           "with": [
                              [
                                 {
                                    "nbt": "Item.tag.display.Name",
                                    "entity": "0-1c9-c369-0-2668",
                                    "interpret": true,
                                    "color": "gray",
                                    "italic": false
                                 },
                                 " x",
                                 {
                                    "score": {
                                       "name": "#amount",
                                       "objective": "shulker_preview"
                                    }
                                 }
                              ],
                              {
                                 "font": "tryashtar.shulker_preview:preview",
                                 "selector": "@e[type=area_effect_cloud,tag=tryashtar.shulker_preview,x=0,y=0,z=0,sort=nearest]",
                                 "color": "white",
                                 "italic": false
                              }
                           ]
                        }
                     ]
                  }
               ]
            }
         ]
      }
   ]
}