{
   "function": "set_lore",
   "entity": "this",
   "mode": "replace_all",
   "lore": [
      {
         "translate": "tryashtar.shulker_preview.translate",
         "fallback": "%1$s",
         "with": [
            "",
            {
               "font": "tryashtar.shulker_preview:preview",
               "storage": "tryashtar.shulker_preview:data",
               "nbt": "tooltip[]",
               "interpret": true,
               "separator": "",
               "color": "white",
               "italic": false
            }
         ]
      }
   ]
}