{
   "function": "set_lore",
   "entity": "this",
   "mode": "replace_all",
   "lore": [
      {
         "translate": "tryashtar.shulker_preview.translate",
         "fallback": "%1$s",
         "with": [
            [
               {
                  "nbt": "Item.tag.display.Name",
                  "entity": "0-1c9-c369-0-2668",
                  "interpret": true,
                  "color": "gray",
                  "italic": false
               },
               " x",
               {
                  "score": {
                     "name": "#amount",
                     "objective": "shulker_preview"
                  }
               }
            ],
            {
               "font": "tryashtar.shulker_preview:preview",
               "storage": "tryashtar.shulker_preview:data",
               "nbt": "tooltip[]",
               "interpret": true,
               "separator": "",
               "color": "white",
               "italic": false
            }
         ]
      }
   ]
}