{
  "rewards": {
    "function": "tryashtar.shulker_preview:shulker_box/detect"
  },
  "criteria": {
    "has_shulker_box": {
      "trigger": "inventory_changed",
      "conditions": {
        "items": [
          {
            "items": "#tryashtar.shulker_preview:shulker_boxes",
            "predicates": {
              "container": {
                "items": {
                  "size": {
                    "min": 1
                  }
                }
              }
            }
          }
        ]
      }
    }
  }
}