{
   "pools": [
      {
         "rolls": 1,
         "entries": [
            {
               "type": "minecraft:item",
               "name": "minecraft:tnt",
               "functions": [
                  {
                     "function": "minecraft:set_lore",
                     "entity": "this",
                     "replace": true,
                     "lore": [
                        {
                           "translate": "%1$s%418634357$s",
                           "with": [
                              {
                                 "translate": "container.shulkerBox.more",
                                 "color": "gray",
                                 "italic": true,
                                 "with": [
                                    {
                                       "score": {
                                          "name": "#more",
                                          "objective": "shulker_preview"
                                       }
                                    }
                                 ]
                              },
                              ""
                           ]
                        }
                     ]
                  }
               ]
            }
         ]
      }
   ]
}