{
   "pools": [
      {
         "rolls": 1,
         "entries": [
            {
               "type": "minecraft:item",
               "name": "minecraft:tnt",
               "functions": [
                  {
                     "function": "minecraft:set_lore",
                     "entity": "this",
                     "replace": true,
                     "lore": [
                        {
                           "translate": "%1$s%418634357$s",
                           "with": [
                              "",
                              {
                                 "font": "tryashtar.shulker_preview:preview",
                                 "nbt": "CustomName",
                                 "entity": "@e[type=area_effect_cloud,tag=tryashtar.shulker_preview,x=0,y=0,z=0,sort=nearest]",
                                 "interpret": true,
                                 "color": "white",
                                 "italic": false
                              }
                           ]
                        }
                     ]
                  }
               ]
            }
         ]
      }
   ]
}