{
   "function": "set_lore",
   "entity": "this",
   "mode": "append",
   "lore": [
      {
         "translate": "tryashtar.shulker_preview.translate",
         "fallback": "%1$s",
         "with": [
            {
               "translate": "container.shulkerBox.itemCount",
               "with": [
                  {
                     "selector": "7368756c-6b65-7220-7072-657669657721"
                  },
                  {
                     "score": {
                        "name": "#amount",
                        "objective": "shulker_preview"
                     }
                  }
               ],
               "color": "gray",
               "italic": false
            },
            ""
         ]
      }
   ]
}